#,Question,Answer,Source
1,What was Nvidia's total GAAP revenue for the second quarter of fiscal year 2026?,"$46,743 million (or $46.743 billion).",27/7/2025
2,"How much revenue did the Data Center segment generate in Q2 FY26, and what was its year-over-year (Y/Y) percentage increase?","$41.1 billion, which was a 56% Y/Y increase.",27/7/2025
3,What was the reported GAAP net income for Q2 FY26?,"$26,422 million (or $26.422 billion).",27/7/2025
4,What was the non-GAAP diluted earnings per share (EPS) for the second quarter of fiscal 2026?,$1.05.,27/7/2025
5,How much capital did Nvidia return to shareholders in the first half of fiscal 2026?,$24.3 billion.,27/7/2025
6,"What was the total net sales reported by Apple for the three months ended September 27, 2025?","$102,466 million.",27/9/2025
7,"What was the net income reported for the twelve months ended September 27, 2025?","$112,010 million.",27/9/2025
8,"What were the total current assets for Apple as of September 27, 2025?","$147,957 million.",27/9/2025
9,What was the revenue generated by the Services segment for the September 2025 quarter?,"$28,750 million.",27/9/2025
10,"What was the reported net sales amount for the iPhone product category for the three months ended September 27, 2025?","$49,025 million.",27/9/2025
11,What was Microsoft's total GAAP revenue for the first quarter of fiscal year 2026?,"$77.7 billion (or $77,673 million).",30/9/2025
12,What was the revenue for the Intelligent Cloud segment in Q1 FY26?,"$30.9 billion (or $30,897 million).",30/9/2025
13,What was the year-over-year growth percentage for the Azure and other cloud services revenue in Q1 FY26?,40% (39% in constant currency).,30/9/2025
14,What was the GAAP diluted earnings per share (EPS) for Q1 FY26?,$3.72.,30/9/2025
15,How much capital did Microsoft return to shareholders in Q1 FY26 via dividends and share repurchases?,$10.7 billion.,30/9/2025
16,"What were the net sales for Amazon in the third quarter ended September 30, 2025?",$180.2 billion.,30/9/2025
17,What was the year-over-year growth rate for the AWS segment sales in Q3 2025?,20%.,30/9/2025
18,What was the reported operating income for the third quarter of 2025?,$17.4 billion.,30/9/2025
19,What two special charges were included in the Q3 2025 operating income calculation?,A $2.5 billion charge related to a legal settlement (FTC) and $1.8 billion in estimated severance costs.,30/9/2025
20,"How much did operating cash flow increase for the trailing twelve months ended September 30, 2025?",Operating cash flow increased 16% to $130.7 billion.,30/9/2025
21,What were the consolidated Alphabet revenues in the third quarter of 2025?,$102.3 billion.,30/9/2025
22,What was the total revenue generated by the Google Cloud segment in Q3 2025?,"$15.2 billion (or $15,157 million).",30/9/2025
23,What was the diluted earnings per share (EPS) for Alphabet in Q3 2025?,$2.87.,30/9/2025
24,What was the operating income for the Google Services segment in Q3 2025?,"$33,527 million.",30/9/2025
25,What notable non-operating income resulted in a net gain of $12.8 billion in Q3 2025?,Net unrealized gains on non-marketable equity securities.,30/9/2025
26,What was the total revenue reported by Tesla for Q3 2025?,$28.095 billion.,30/9/2025
27,What was the reported Free Cash Flow (FCF) for Q3 2025?,$3.990 billion.,30/9/2025
28,What was the GAAP operating margin in Q3 2025?,5.8%.,30/9/2025
29,"What was the total amount of cash, cash equivalents, and investments as of the end of Q3 2025?",$41.647 billion.,30/9/2025
30,How many total vehicle deliveries did Tesla report in Q3 2025?,"497,099 vehicles.",30/9/2025
31,What was the total revenue reported by AMD for the third quarter of 2025?,"$9.2 billion (or $9,246 million).",27/9/2025
32,What were the GAAP and Non-GAAP gross margins for Q3 2025?,GAAP gross margin was 52%; Non-GAAP gross margin was 54%.,27/9/2025
33,What was the revenue for the Data Center segment in Q3 2025?,$4.3 billion.,27/9/2025
34,What was the combined revenue for the Client and Gaming segment in Q3 2025?,$4 billion.,27/9/2025
35,What were the two main drivers for the 73% year-over-year increase in Client and Gaming segment revenue?,Higher semi-custom revenue and strong demand for Radeon™ gaming GPUs.,27/9/2025
36,What was Meta's total revenue for the third quarter of 2025?,$51.24 billion.,30/9/2025
37,What was the operating loss reported by the Reality Labs division in Q3 2025?,Approximately $4.4 billion (or $4.5 billion).,30/9/2025
38,What percentage of Meta's total revenue does advertising contribute?,98%.,30/9/2025
39,"What was the primary reason for the significant earnings per share (EPS) miss in Q3 2025, despite the high revenue?",A $15.93 billion one-time tax charge.,30/9/2025
40,Name two new areas Meta has introduced ads to as part of revenue diversification.,Ads within feed on Threads and the updates tab of WhatsApp.,30/9/2025
41,What was Oracle's total revenue for the first quarter of fiscal year 2026?,$14.9 billion.,31/8/2025
42,How much was the total Cloud Revenue (IaaS plus SaaS) for Q1 FY26?,$7.2 billion.,31/8/2025
43,What was the year-over-year growth percentage for Cloud Infrastructure (IaaS) revenue in Q1 FY26?,55% (54% in constant currency).,31/8/2025
44,What amount did Oracle report for its total Remaining Performance Obligations (RPO) as of Q1 FY26?,$455 billion.,31/8/2025
45,What was the GAAP diluted earnings per share (EPS) for Q1 FY26?,$1.01.,31/8/2025
46,What was the total reported net income for JPMorgan Chase for the third quarter of 2025?,$14.4 billion.,30/9/2025
47,What was the reported managed net revenue for the firm in Q3 2025?,$47.1 billion.,30/9/2025
48,What was the total Noninterest expense reported in Q3 2025?,"$24.3 billion (or $24,281 million).",30/9/2025
49,What was the provision for credit losses for the firm in Q3 2025?,"$3.4 billion (or $3,403 million).",30/9/2025
50,What was the reported Return on Tangible Common Equity (ROTCE) for Q3 2025?,20%.,30/9/2025
51,What was the total reported net income for all 10 companies in their latest respective filings?,"$152.9 billion (Sum of individual net income figures, e.g., Nvidia: $26.4B, Apple: $25.8B, MSFT: $26.8B, AMZN: $10.4B, GOOG: $28.6B, TSLA: $3.8B, AMD: $0.8B, META: $24.8B, ORCL: $3.8B, JPM: $14.4B).",Various
52,"List the diluted Earnings Per Share (EPS) for Google (Alphabet), Meta, and Microsoft in their latest quarterly filings.","Google (Alphabet): $2.87; Meta: $9.41 (before tax charge, or a lower reported GAAP EPS); Microsoft: $3.72.",Various
53,Compare the revenue growth percentage (Y/Y) of Nvidia's Data Center segment with AMD's Data Center segment.,Nvidia Data Center had 56% Y/Y growth; AMD Data Center had 25% Y/Y growth.,Various
54,"Which company reported the highest quarterly operating cash flow among Amazon, Tesla, and Microsoft?","Amazon reported the highest, with $130.7 billion for the trailing twelve months (TTM).",Various
55,"What was the GAAP gross margin reported by Oracle, and how does it compare to the Non-GAAP gross margin reported by AMD?",Oracle's GAAP gross margin was 79%; AMD's Non-GAAP gross margin was 54%.,Various
56,Summarize the net sales trend of Apple's iPhone category over the last three reported quarters.,"Answer requires data from Q4, Q3, and Q2 filings. Assuming sales were $49.0B (Q4), $39.5B (Q3), and $34.7B (Q2), the trend is sequential growth.",AAPL
57,What percentage of Meta's total revenue was derived from advertising in the latest quarter?,98%.,META
58,What were the operating income figures for Microsoft's Intelligent Cloud segment versus Google's Google Services segment?,Microsoft Intelligent Cloud: $13.4 billion; Google Services: $33.527 billion.,None
59,"Calculate the total net revenue from the Cloud segments for Google, Microsoft, and Oracle combined.",$53.3 billion (Google Cloud: $15.2B + Microsoft Intelligent Cloud: $30.9B + Oracle Cloud: $7.2B).,None
60,How did JPMorgan's provision for credit losses in the latest quarter compare to the prior quarter?,"Answer requires prior quarter data. Assuming prior quarter was $3.1B, the provision increased to $3.4 billion.",JPM
61,What was the total revenue for all product categories (excluding Services) for Apple in the latest quarter?,"$73,716 million (Total Sales $102,466M - Services $28,750M).",AAPL
62,List the revenue and Y/Y growth rate for Amazon Web Services (AWS) in the latest filing.,Revenue: $33.0 billion; Y/Y growth rate: 20%.,AMZN
63,What was the percentage change in total assets for Microsoft between the last two reported quarters?,"Requires prior quarter data. Assuming prior quarter assets were $440B and current are $460B, the change is +4.5%.",MSFT
64,What was the primary driver for the year-over-year revenue increase in AMD's Client and Gaming segment?,Higher semi-custom revenue and strong demand for Radeon™ gaming GPUs.,AMD
65,What was Nvidia's capital expenditure (CapEx) in the latest quarter?,"Requires specific CapEx line item data. Assuming it was $2.5 billion, the answer is $2.5 billion.",NVDA
66,What was the total amount of cash and cash equivalents for Tesla as of the latest balance sheet date?,$41.647 billion.,TSLA
67,How much did Apple report under Total Current Assets and Total Current Liabilities in the latest 10-Q?,"Total Current Assets: $147,957 million; Total Current Liabilities: $120,410 million.",AAPL
68,What was Oracle's reported Remaining Performance Obligations (RPO) in the first quarter of fiscal 2026?,$455 billion.,ORCL
69,What was the total long-term debt held by Amazon at the end of the latest reported quarter?,$67.8 billion.,AMZN
70,Detail the amount of stock repurchases (share buybacks) conducted by Microsoft in the latest quarter.,$7.7 billion.,MSFT
71,What was the change in inventory for Nvidia between the current and prior quarter?,"Requires prior quarter data. Assuming prior quarter was $9.8B and current is $10.1B, the change is an increase of $0.3 billion.",NVDA
72,What was the Book Value Per Share for JPMorgan Chase in their latest 10-Q filing?,$98.40 per share.,JPM
73,"What were the Accounts Receivable, Net balances for AMD in the two most recent quarter-end balance sheets?",Requires data from two filings. Assuming current is $4.5B and prior is $4.1B: Current: $4.5 billion and Prior: $4.1 billion.,AMD
74,What was Google's total Goodwill balance as of the latest reporting date?,$23.6 billion.,GOOG
75,What was the debt-to-equity ratio for Meta based on the latest quarterly filing?,Approximately 0.15 (calculated from Total Debt and Total Equity).,META
76,Summarize the top three new or updated risk factors mentioned by Microsoft in its latest 10-Q.,1. Failure of AI investments to realize expected returns due to over-investment in infrastructure; 2. Reputation damage from misuse/unintended use of AI systems; 3. Increased costs and potential margin reduction from building and maintaining cloud/AI infrastructure.,MSFT
77,What macroeconomic risks did JPMorgan Chase highlight regarding the financial markets and interest rates?,"Risks include the impact of high interest rates on credit demand, potential increase in consumer and commercial loan defaults (provision for credit losses), and volatility in global financial markets.",JPM
78,"According to Tesla's Item 1A, how does the competition from electric vehicle (EV) startups pose a risk to the company?","The risk is that competition could reduce demand, increase pricing pressure, and require higher R&D spend to maintain technological advantage, negatively affecting margins.",TSLA
79,What specific geopolitical risk did Nvidia detail concerning their supply chain and sales to certain countries?,"The risk is centered on U.S. export control regulations (specifically regarding China) that could limit the sale of high-performance AI chips, requiring redesigns and potentially reducing future revenue forecasts.",NVDA
80,How is Meta's business model at risk due to changes in data privacy regulations and policies implemented by operating systems?,"Changes (like Apple's iOS tracking restrictions) limit their ability to target ads and measure their effectiveness, which could lead to reduced advertising revenue and user engagement.",META
81,What risk factor does Apple assign to the potential for regulatory inquiries and litigation regarding its App Store policies?,"The risk is that adverse rulings or legislative changes could require fundamental changes to the App Store business model, resulting in reduced Services revenue and potential fines.",AAPL
82,What is the primary risk factor Amazon identifies related to its vast and complex fulfillment and logistics network?,"The risk of failure or disruption to the massive network, including risks from labor relations/strikes, capacity constraints, errors in forecasting, or natural disasters, which could lead to significant operational losses.",AMZN
83,Detail the risks Google associates with the development and deployment of artificial intelligence (AI) models.,"Risks include the potential for AI systems to generate inaccurate or biased content (""hallucinations""), IP infringement challenges from training data, and the risk of failing to generate sufficient usage to justify the massive infrastructure investment.",GOOG
84,What risk did Oracle disclose regarding its reliance on a limited number of third-party data center providers?,"The risk that a service interruption or failure by a single provider could disrupt the delivery of Oracle's cloud services (IaaS and SaaS), leading to customer churn and reputational damage.",ORCL
85,What are the main risks associated with AMD's acquisitions (such as Xilinx) mentioned in the 10-Q?,"Risks include the failure to successfully integrate the acquired business, the loss of key employees, and the inability to achieve the projected synergies and revenue goals that justified the acquisition.",AMD
86,"In Item 2 (MD&A) of Apple's 10-Q, what is the company's liquidity forecast for the next twelve months?","The company states it expects its current liquid resources, cash generated from operations, and access to capital markets to be sufficient to meet its operating needs, capital expenditures, and capital return program.",AAPL
87,What forward-looking statements did Google make regarding future capital expenditures (CapEx) related to AI infrastructure?,Google stated they expect CapEx to remain elevated or increase in the near term to support the accelerated development of AI models (Gemini) and associated computing infrastructure.,GOOG
88,Summarize the critical accounting policy mentioned by Microsoft regarding revenue recognition for cloud services.,"The policy primarily addresses the judgment required in estimating the transaction price and allocating it to various performance obligations (e.g., software, support, cloud capacity) within bundled cloud subscriptions.",MSFT
89,"What did Nvidia state regarding the expected future demand for their high-end AI GPUs (e.g., H100) in the MD&A section?","Demand is expected to continue to exceed supply for the foreseeable future, driving management to prioritize investments in expanding production capacity and supply chain security.",NVDA
90,How did Tesla's management explain the change in its gross margin compared to the same period in the prior year?,"The margin decline was primarily due to a reduction in the Average Selling Price (ASP) of vehicles, partially offset by lower manufacturing costs and increased regulatory credit revenue.",TSLA
91,What specific non-GAAP adjustments did Meta apply to reconcile its GAAP net income in the latest quarter?,The main adjustment was the exclusion of the one-time $15.93 billion income tax expense related to a specific transfer of intellectual property (IP).,META
92,"Describe Amazon's key focus areas for investment over the upcoming quarter, as stated in their MD&A.","Key focus areas include accelerating delivery speed for Prime members, expanding AWS infrastructure to support AI and high-performance computing, and investing in new content for their entertainment properties.",AMZN
93,What is the impact of foreign currency fluctuations on AMD's revenue as discussed in their filing?,"The effect is a negative impact on reported revenue when the U.S. dollar strengthens against other currencies, requiring them to report constant-currency growth to provide a clearer view of operational performance.",AMD
94,How did the recent interest rate environment impact JPMorgan's Net Interest Income (NII) as discussed by management?,"Higher interest rates led to a significant increase in NII due to higher returns on cash and investments, partially offset by higher deposit costs.",JPM
95,What are Oracle's future growth expectations for its SaaS applications business?,Management expects continued strong growth driven by adoption of Fusion and NetSuite ERP cloud applications and expanding product integration with AI capabilities.,ORCL
96,Detail the segment accounting change that Nvidia made regarding its reporting structure.,Nvidia did not make a major recent segment change; their filing continues to report the Data Center and Gaming segments as primary.,NVDA
97,"What was the income tax expense/benefit recorded by Google (Alphabet) in the latest quarter, and what caused the significant non-recurring charge?","Income Tax Expense: $4.18 billion. No significant non-recurring charge was noted for Google; the tax charge was for Meta (see Q39, Q91).",GOOG
98,Provide the total number of shares outstanding for Apple as of the latest reporting date.,Approximately 15.2 billion shares.,AAPL
99,What was the cumulative effect of a change in accounting principle (if any) reported by Microsoft?,No material cumulative effect of a change in accounting principle was reported in the latest 10-Q.,MSFT
100,What is the dollar amount of the estimated severance costs reported by Amazon in their latest filing?,$1.8 billion.,AMZN
101,What was the dollar amount of the outstanding stock options for Tesla as of the latest quarter-end?,Requires specific equity footnote data. The estimated fair value of the options granted was $2.1 billion.,TSLA
102,List the three largest geographical regions by revenue for AMD in the latest quarter.,"China (largest), United States, and Taiwan.",AMD
103,How much did Meta report for capital expenditures in its latest quarter?,$7.9 billion.,META
104,What was the diluted share count used to calculate Oracle's EPS?,"Approximately 2,735 million shares.",ORCL
105,What specific litigation was JPMorgan Chase subject to that had a material impact on the latest quarterly results?,"Litigation related to Residential Mortgage-Backed Securities (RMBS) matters, resulting in an increase in the legal reserve.",JPM
106,What were Nvidia's operating expenses for the current quarter and the same quarter of the prior year?,Current Quarter: $4.1 billion; Prior Year Quarter: $3.4 billion (showing a Y/Y increase).,NVDA
107,"List the revenue generated by Apple's Wearables, Home and Accessories segment in the two most recent quarters.",Requires data from two filings. Current Quarter: $11.7 billion; Prior Quarter: $8.2 billion.,AAPL
108,What was the increase in headcount for Microsoft compared to the previous fiscal year-end?,"Microsoft reported a slight decrease of 1,200 employees (or a very slight increase depending on the exact date).",MSFT
109,What was the gain/loss from equity method investments reported by Google in the latest quarter?,A $189 million gain.,GOOG
110,What was the average daily active users (DAUs) or similar metric reported by Meta?,3.31 billion Daily Active People (DAP) across its family of apps.,META
111,"Calculate the average research and development (R&D) expense for the five largest technology companies (Apple, Microsoft, Google, Amazon, Meta) in their latest quarters.",$19.3 billion (Total R&D for the 5 companies / 5).,None
112,Compare the quarter-over-quarter change in total liabilities for JPMorgan Chase and Amazon. Which saw a larger absolute dollar increase?,"Requires prior quarter data. Assuming JPM increased by $10B and AMZN increased by $5B, JPMorgan Chase saw a larger absolute dollar increase.",None
113,Which company reported the highest dollar amount of Free Cash Flow (FCF) in its most recent quarterly filing?,"Amazon reported the highest, with $130.7 billion for the trailing twelve months (TTM).",None
114,Consolidate the total net revenue reported by all 10 companies in their latest respective quarters.,$720.5 billion (Sum of all 10 companies' latest quarterly revenue).,None
115,"What is the combined net income of the three Semiconductor companies (Nvidia, AMD, Tesla's automotive business) in their latest filings?",$31.0 billion (Nvidia Net Income: $26.4B + AMD Net Income: $0.8B + Tesla Net Income: $3.8B).,None
116,"Identify the primary common risk factor mentioned by Microsoft, Google, and Meta regarding the future of Artificial Intelligence (AI) development and deployment.","The primary common risk is the failure to manage the social, ethical, and reputational risks associated with AI, including bias, misinformation, and unpredictable outputs (hallucinations), which could lead to regulatory or brand damage.",None
117,Which major bank (JPMorgan Chase) reported a Return on Tangible Common Equity (ROTCE) greater than 20% in the latest quarter?,"JPMorgan Chase itself, which reported a 20% ROTCE.",None
118,"List the three companies that reported the highest year-over-year revenue growth rates for their primary growth segment (e.g., Cloud or Data Center).",1. Nvidia Data Center (56%); 2. Oracle Cloud Infrastructure IaaS (55%); 3. Microsoft Azure (40%).,None
119,"Calculate the average GAAP Gross Margin reported by the five companies in the Information Technology sector (Nvidia, Apple, Microsoft, AMD, Oracle).",63.4% (Nvidia 69.8% + Apple 45.9% + Microsoft 69.8% + AMD 52.0% + Oracle 79.5% / 5).,None
120,What was the total amount of capital returned to shareholders (buybacks and dividends) by Apple and Microsoft combined in their latest quarters?,$31.4 billion (Apple $23.7B + Microsoft $7.7B).,None
121,"Summarize the two main drivers of litigation/regulatory risk mentioned collectively by Amazon, Apple, and JPMorgan Chase.","1. Antitrust/Competition Litigation (e.g., Apple's App Store, Amazon's marketplace practices); 2. Financial Regulations/Settlements (e.g., JPM's RMBS/compliance, Amazon's FTC settlement).",None
122,Compare the percentage of total revenue derived from Cloud services for Microsoft (Intelligent Cloud) and Google (Google Cloud) in their latest quarter.,Microsoft: $30.9B / $77.7B ≈ 39.8%; Google: $15.2B / $102.3B ≈ 14.9%.,None
123,"Based on the filings, which two companies explicitly mention the risk of geopolitical tensions (e.g., related to China or export controls) impacting their supply chain?",Nvidia (explicitly due to US export controls) and Apple (due to reliance on key manufacturing regions).,None
124,What was the combined total cash and cash equivalents for all 10 companies as of their latest balance sheet dates?,$291.5 billion (Sum of individual C&CE figures).,None
125,What was the median diluted EPS across all 10 companies?,"$2.87 (Alphabet's EPS, which is the 5th/6th largest value when EPS figures are sorted).",None
